<?xml version="1.0" encoding="UTF-8"?>
<!DOCTYPE hibernate-configuration SYSTEM 
"http://www.hibernate.org/dtd/hibernate-configuration-3.0.dtd">

<hibernate-configuration>
   <session-factory>
   
      
      
      <property name = "hibernate.connection.driver_class">
         com.mysql.cj.jdbc.Driver
      </property>
      
      <!-- Assume test is the database name -->
      
      <property name = "hibernate.connection.url">
        jdbc:mysql://localhost:3306/Ad_MiniProject
      </property>
      
      <property name = "hibernate.connection.username">
         root
      </property>
      
      <property name = "hibernate.connection.password">
         edac20
      </property>
      
      
      
     <property name="hibernate.dialect">org.hibernate.dialect.MySQL55Dialect</property>
		<property name="hibernate.hbm2ddl.auto">update</property>
      
   <mapping class="in.dao.User"></mapping> 
	  <mapping class="in.dao.Payment"></mapping> 
   </session-factory>
</hibernate-configuration>